Timestamp,Transaction_Type,Asset,Quantity_Transacted,Spot_Currency,Spot_Price,Subtotal,Total,Fees,Notes
2018-01-04T06:37:33Z,Send,BTC,0.13,USD,15079.81,,,,Sent 0.1300 BTC to 1EWvzUCQSGLbZJeCTDyFDsefYGJKimFybS
2023-03-03T00:36:32Z,Buy,BTC,0.00202772,USD,23676.84,48.01,50.00,1.99,Bought 0.00202772 BTC for $50.00 USD
2024-02-21T20:50:01Z,Advanced Trade Buy,BTC,0.00099963,USD,50888.21,50.87,51.15,0.279782,Bought 0.00099963 BTC for $51.15 USD on BTC-USD
2024-02-21T20:50:01Z,Advanced Trade Buy,BTC,3.9E-07,USD,50888.21,0.019846,0.019956,0.000109,Bought 0.00000039 BTC for $0.02 USD on BTC-USD
2024-02-21T20:50:01Z,Advanced Trade Buy,BTC,1E-08,USD,50888.21,0.000509,0.000514,0.000005,Bought 0.00000001 BTC for $0.00 USD on BTC-USD
2024-02-25T02:23:54Z,Advanced Trade Buy,BTC,0.0019992,USD,51774.79,103.51,104.08,0.569295,Bought 0.0019992 BTC for $104.08 USD on BTC-USD
2024-02-25T02:23:54Z,Advanced Trade Buy,BTC,7.7E-07,USD,51774.79,0.039867,0.040086,0.000219,Bought 0.00000077 BTC for $0.04 USD on BTC-USD
2024-02-25T02:23:54Z,Advanced Trade Buy,BTC,4E-08,USD,51774.79,0.002071,0.002084,0.000013,Bought 0.00000004 BTC for $0.00 USD on BTC-USD
2018-10-09T03:53:34Z,Sell,ETH,1.06980951,USD,226.77,242.60,238.99,3.61,Sold 1.06980951 ETH for $238.99 USD
2023-12-12T18:29:30Z,Advanced Trade Buy,ETH,0.04020147,USD,2191.58,88.10,88.81,0.704838,Bought 0.04020147 ETH for $88.81 USD on ETH-USD
2023-12-12T18:29:30Z,Advanced Trade Buy,ETH,1.824E-05,USD,2191.58,0.039974,0.040294,0.000320,Bought 0.00001824 ETH for $0.04 USD on ETH-USD
2023-12-12T18:29:30Z,Advanced Trade Buy,ETH,5E-08,USD,2191.58,0.000110,0.000111,0.000001,Bought 0.00000005 ETH for $0.00 USD on ETH-USD
2024-02-13T21:29:00Z,Advanced Trade Buy,ETH,0.01964649,USD,2643.18,51.93,52.45,0.519292,Bought 0.01964649 ETH for $52.45 USD on ETH-USD
2024-02-13T21:29:01Z,Advanced Trade Buy,ETH,7.56E-06,USD,2643.18,0.019982,0.020182,0.000200,Bought 0.00000756 ETH for $0.02 USD on ETH-USD
2024-02-13T21:29:01Z,Advanced Trade Buy,ETH,4.9E-07,USD,2643.18,0.001295,0.001308,0.000013,Bought 0.00000049 ETH for $0.00 USD on ETH-USD
2021-05-12T04:53:47Z,Buy,LTC,0.02325235,USD,387.49,9.01,10.00,0.990000,Bought 0.02325235 LTC for $10.00 USD
2024-01-19T00:36:29Z,Buy,USDC,280.0,USD,1.00,280.00,280.00,0.00,Bought 280.0000 USDC for $280.00 USD
2024-01-19T00:39:41Z,Buy,USDC,8.0,USD,1.00,8.00,8.00,0.00,Bought 8.0000 USDC for $8.00 USD
2024-01-19T00:40:48Z,Send,USDC,287.254751,USD,1.00,,,,Sent 287.254751 USDC to 0x42cEAACf7F885159e179Adc2701B28627905F0Ca
2023-03-10T05:53:31Z,Advanced Trade Buy,LINK,8.04,USD,6.18,49.68,49.88,0.198717,Bought 8.0400 LINK for $49.88 USD on LINK-USD
2024-02-22T17:45:10Z,Advanced Trade Buy,LINK,2.99,USD,18.45,55.15,55.45,0.303328,Bought 2.9900 LINK for $55.45 USD on LINK-USD
2024-02-22T17:45:10Z,Advanced Trade Buy,LINK,0.00938842,USD,18.45,0.173169,0.174122,0.000952,Bought 0.00938842 LINK for $0.17 USD on LINK-USD
2024-02-25T02:28:52Z,Advanced Trade Buy,LINK,2.99,USD,18.67,55.82,56.13,0.307028,Bought 2.9900 LINK for $56.13 USD on LINK-USD
2024-02-25T02:28:52Z,Advanced Trade Buy,LINK,0.01005033,USD,18.67,0.187640,0.188672,0.001032,Bought 0.01005033 LINK for $0.19 USD on LINK-USD
2023-11-05T05:08:44Z,Advanced Trade Buy,XRP,167.638148,USD,0.624500,104.69,105.27,0.575795,Bought 167.638148 XRP for $105.27 USD on XRP-USD
2023-11-05T05:08:45Z,Advanced Trade Buy,XRP,0.067066,USD,0.624500,0.041883,0.042113,0.000230,Bought 0.067066 XRP for $0.04 USD on XRP-USD
2023-11-05T05:08:45Z,Advanced Trade Buy,XRP,0.000108,USD,0.624500,0.000067,0.000068,0.000000,Bought 0.000108 XRP for $0.00 USD on XRP-USD
2024-02-19T18:34:02Z,Advanced Trade Sell,XRP,167.705322,USD,0.561400,94.15,93.63,0.517824,Sold 167.705322 XRP for $93.63 USD on XRP-USD
2021-06-12T18:45:59Z,Learning Reward,XLM,5.8804677,USD,0.340000,2.00,2.00,0.00,Received 5.8804677 XLM from Coinbase as a learning reward
2021-06-12T18:47:29Z,Learning Reward,XLM,5.8797071,USD,0.340000,2.00,2.00,0.00,Received 5.8797071 XLM from Coinbase as a learning reward
2021-06-12T18:50:22Z,Learning Reward,XLM,5.8861616,USD,0.340000,2.00,2.00,0.00,Received 5.8861616 XLM from Coinbase as a learning reward
2021-06-12T18:50:45Z,Learning Reward,XLM,5.8861616,USD,0.340000,2.00,2.00,0.00,Received 5.8861616 XLM from Coinbase as a learning reward
2021-06-12T18:51:04Z,Learning Reward,XLM,5.8869933,USD,0.340000,2.00,2.00,0.00,Received 5.8869933 XLM from Coinbase as a learning reward
2022-12-22T07:22:23Z,Advanced Trade Buy,ALGO,588.9,USD,0.168700,99.35,99.94,0.596085,Bought 588.9000 ALGO for $99.94 USD on ALGO-USD
2022-12-22T07:22:23Z,Advanced Trade Buy,ALGO,0.33283,USD,0.168700,0.056148,0.056485,0.000337,Bought 0.33283 ALGO for $0.06 USD on ALGO-USD
2022-12-31T23:54:45Z,Advanced Trade Buy,ALGO,288.1,USD,0.172400,49.67,49.97,0.298011,Bought 288.1000 ALGO for $49.97 USD on ALGO-USD
2022-12-31T23:54:45Z,Advanced Trade Buy,ALGO,0.193441,USD,0.172400,0.033349,0.033549,0.000200,Bought 0.193441 ALGO for $0.03 USD on ALGO-USD
2023-01-13T06:41:35Z,Rewards Income,ALGO,3.828354,USD,0.210000,0.800000,0.800000,0.00,Received 3.828354 ALGO from Coinbase Rewards
2023-02-15T00:33:59Z,Advanced Trade Buy,ALGO,196.6,USD,0.252700,49.68,49.98,0.298085,Bought 196.6000 ALGO for $49.98 USD on ALGO-USD
2023-02-15T00:33:59Z,Advanced Trade Buy,ALGO,0.08298,USD,0.252700,0.020969,0.021095,0.000126,Bought 0.08298 ALGO for $0.02 USD on ALGO-USD
2023-02-24T19:43:45Z,Advanced Trade Buy,ALGO,121.9,USD,0.252500,30.78,30.96,0.184679,Bought 121.9000 ALGO for $30.96 USD on ALGO-USD
2023-02-24T19:43:45Z,Advanced Trade Buy,ALGO,74.8,USD,0.252500,18.89,19.00,0.113322,Bought 74.8000 ALGO for $19.00 USD on ALGO-USD
2023-02-24T19:43:45Z,Advanced Trade Buy,ALGO,0.138769,USD,0.252500,0.035039,0.035249,0.000210,Bought 0.138769 ALGO for $0.04 USD on ALGO-USD
2023-03-10T05:55:37Z,Advanced Trade Buy,ALGO,30.6,USD,0.192800,5.90,5.92,0.023599,Bought 30.6000 ALGO for $5.92 USD on ALGO-USD
2023-03-10T05:57:17Z,Advanced Trade Buy,ALGO,356.5,USD,0.192800,68.73,69.01,0.274933,Bought 356.5000 ALGO for $69.01 USD on ALGO-USD
2023-03-12T22:37:30Z,Advanced Trade Buy,ALGO,245.7,USD,0.202200,49.68,49.88,0.198722,Bought 245.7000 ALGO for $49.88 USD on ALGO-USD
2023-03-16T04:47:52Z,Advanced Trade Buy,ALGO,243.7,USD,0.203900,49.69,49.89,0.198762,Bought 243.7000 ALGO for $49.89 USD on ALGO-USD
2023-03-21T05:40:20Z,Advanced Trade Buy,ALGO,102.2,USD,0.208200,21.28,21.36,0.085112,Bought 102.2000 ALGO for $21.36 USD on ALGO-USD
2023-03-27T17:50:17Z,Send,ALGO,3518.776376,USD,0.190000,,,,"Sent 3,518.776376 ALGO to DWSGLE5HDPNEKD7TFJLNZLYQR3YNMX5LJ4WVODZKE45GE7L6KWHC5WWOMM"
2023-04-14T09:11:39Z,Rewards Income,ALGO,21.336564,USD,0.220000,4.69,4.69,0.00,Received 21.336564 ALGO from Coinbase Rewards
2023-11-05T19:34:09Z,Advanced Trade Buy,ALGO,640.9,USD,0.122500,78.51,78.94,0.431806,Bought 640.9000 ALGO for $78.94 USD on ALGO-USD
2023-11-05T19:34:09Z,Advanced Trade Buy,ALGO,0.316168,USD,0.122500,0.038731,0.038944,0.000213,Bought 0.316168 ALGO for $0.04 USD on ALGO-USD
2023-12-15T23:41:05Z,Advanced Trade Buy,ALGO,63.5,USD,0.195200,12.40,12.49,0.099162,Bought 63.5000 ALGO for $12.49 USD on ALGO-USD
2023-12-15T23:41:05Z,Advanced Trade Buy,ALGO,0.029672,USD,0.195200,0.005792,0.005838,0.000046,Bought 0.029672 ALGO for $0.01 USD on ALGO-USD
2024-02-18T06:01:59Z,Advanced Trade Sell,ALGO,726.0,USD,0.193600,140.55,139.15,1.41,Sold 726.0000 ALGO for $139.15 USD on ALGO-USD
2022-12-15T01:32:22Z,Rewards Income,ATOM,0.005991,USD,9.59,0.060000,0.060000,0.00,Received 0.005991 ATOM from Coinbase Rewards
2022-12-16T17:52:11Z,Rewards Income,ATOM,0.006482,USD,8.98,0.060000,0.060000,0.00,Received 0.006482 ATOM from Coinbase Rewards
2022-12-23T18:56:38Z,Rewards Income,ATOM,0.006718,USD,8.93,0.060000,0.060000,0.00,Received 0.006718 ATOM from Coinbase Rewards
2022-12-30T16:06:44Z,Rewards Income,ATOM,0.004359,USD,9.36,0.040000,0.040000,0.00,Received 0.004359 ATOM from Coinbase Rewards
2023-01-20T03:52:30Z,Rewards Income,ATOM,0.014456,USD,12.18,0.180000,0.180000,0.00,Received 0.014456 ATOM from Coinbase Rewards
2023-01-20T12:23:42Z,Rewards Income,ATOM,0.006412,USD,12.40,0.080000,0.080000,0.00,Received 0.006412 ATOM from Coinbase Rewards
2023-02-06T07:22:31Z,Rewards Income,ATOM,0.006555,USD,14.33,0.090000,0.090000,0.00,Received 0.006555 ATOM from Coinbase Rewards
2023-02-18T01:43:23Z,Rewards Income,ATOM,0.003531,USD,14.21,0.050000,0.050000,0.00,Received 0.003531 ATOM from Coinbase Rewards
2023-02-18T07:14:20Z,Rewards Income,ATOM,0.004191,USD,14.09,0.060000,0.060000,0.00,Received 0.004191 ATOM from Coinbase Rewards
2023-02-18T12:36:26Z,Rewards Income,ATOM,0.00126,USD,14.10,0.020000,0.020000,0.00,Received 0.00126 ATOM from Coinbase Rewards
2023-03-01T00:21:35Z,Rewards Income,ATOM,0.00529,USD,12.31,0.070000,0.070000,0.00,Received 0.00529 ATOM from Coinbase Rewards
2023-03-01T00:23:40Z,Rewards Income,ATOM,0.005463,USD,12.31,0.070000,0.070000,0.00,Received 0.005463 ATOM from Coinbase Rewards
2023-03-11T07:38:32Z,Rewards Income,ATOM,0.000299,USD,11.01,0.00,0.00,0.00,Received 0.000299 ATOM from Coinbase Rewards
2023-03-25T19:50:29Z,Advanced Trade Buy,ATOM,4.54,USD,10.95,49.70,49.90,0.198798,Bought 4.5400 ATOM for $49.90 USD on ATOM-USD
2023-04-04T18:21:49Z,Rewards Income,ATOM,0.00099,USD,11.28,0.010000,0.010000,0.00,Received 0.00099 ATOM from Coinbase Rewards
2023-04-04T21:54:59Z,Rewards Income,ATOM,0.001185,USD,11.27,0.010000,0.010000,0.00,Received 0.001185 ATOM from Coinbase Rewards
2023-04-05T01:09:19Z,Rewards Income,ATOM,0.004793,USD,11.39,0.050000,0.050000,0.00,Received 0.004793 ATOM from Coinbase Rewards
2023-04-10T18:45:27Z,Rewards Income,ATOM,0.000472,USD,11.13,0.010000,0.010000,0.00,Received 0.000472 ATOM from Coinbase Rewards
2023-04-10T23:36:41Z,Rewards Income,ATOM,3E-05,USD,11.21,0.00,0.00,0.00,Received 0.00003 ATOM from Coinbase Rewards
2023-04-11T01:36:55Z,Rewards Income,ATOM,0.006236,USD,11.19,0.070000,0.070000,0.00,Received 0.006236 ATOM from Coinbase Rewards
2023-04-11T02:11:29Z,Rewards Income,ATOM,0.000246,USD,11.25,0.00,0.00,0.00,Received 0.000246 ATOM from Coinbase Rewards
2023-04-11T04:55:56Z,Rewards Income,ATOM,0.000679,USD,11.25,0.010000,0.010000,0.00,Received 0.000679 ATOM from Coinbase Rewards
2023-04-11T06:48:38Z,Rewards Income,ATOM,3.8E-05,USD,11.25,0.00,0.00,0.00,Received 0.000038 ATOM from Coinbase Rewards
2023-04-11T10:04:05Z,Rewards Income,ATOM,0.000563,USD,11.34,0.010000,0.010000,0.00,Received 0.000563 ATOM from Coinbase Rewards
2023-04-11T10:26:55Z,Rewards Income,ATOM,0.000317,USD,11.33,0.00,0.00,0.00,Received 0.000317 ATOM from Coinbase Rewards
2023-04-11T11:27:07Z,Rewards Income,ATOM,1.7E-05,USD,11.39,0.00,0.00,0.00,Received 0.000017 ATOM from Coinbase Rewards
2023-04-11T11:35:30Z,Rewards Income,ATOM,0.005249,USD,11.39,0.060000,0.060000,0.00,Received 0.005249 ATOM from Coinbase Rewards
2023-04-11T12:43:36Z,Rewards Income,ATOM,0.002274,USD,11.34,0.030000,0.030000,0.00,Received 0.002274 ATOM from Coinbase Rewards
2023-04-11T13:39:45Z,Rewards Income,ATOM,0.000458,USD,11.31,0.010000,0.010000,0.00,Received 0.000458 ATOM from Coinbase Rewards
2023-04-11T13:49:03Z,Rewards Income,ATOM,0.000595,USD,11.31,0.010000,0.010000,0.00,Received 0.000595 ATOM from Coinbase Rewards
2023-04-11T14:45:27Z,Rewards Income,ATOM,2.6E-05,USD,11.29,0.00,0.00,0.00,Received 0.000026 ATOM from Coinbase Rewards
2023-04-18T00:49:46Z,Rewards Income,ATOM,0.001889,USD,12.26,0.020000,0.020000,0.00,Received 0.001889 ATOM from Coinbase Rewards
2023-04-18T00:53:29Z,Rewards Income,ATOM,0.001455,USD,12.27,0.020000,0.020000,0.00,Received 0.001455 ATOM from Coinbase Rewards
2023-04-18T03:23:51Z,Rewards Income,ATOM,0.006862,USD,12.54,0.090000,0.090000,0.00,Received 0.006862 ATOM from Coinbase Rewards
2023-04-18T03:49:21Z,Rewards Income,ATOM,0.001189,USD,12.47,0.010000,0.010000,0.00,Received 0.001189 ATOM from Coinbase Rewards
2023-04-27T05:49:29Z,Rewards Income,ATOM,0.001715,USD,11.30,0.020000,0.020000,0.00,Received 0.001715 ATOM from Coinbase Rewards
2023-04-27T08:08:56Z,Rewards Income,ATOM,0.001041,USD,11.18,0.010000,0.010000,0.00,Received 0.001041 ATOM from Coinbase Rewards
2023-04-27T08:30:00Z,Rewards Income,ATOM,0.008358,USD,11.24,0.090000,0.090000,0.00,Received 0.008358 ATOM from Coinbase Rewards
2023-04-27T08:46:45Z,Rewards Income,ATOM,0.000964,USD,11.23,0.010000,0.010000,0.00,Received 0.000964 ATOM from Coinbase Rewards
2023-04-27T10:20:50Z,Rewards Income,ATOM,0.001347,USD,11.28,0.020000,0.020000,0.00,Received 0.001347 ATOM from Coinbase Rewards
2023-04-27T10:50:46Z,Rewards Income,ATOM,0.004172,USD,11.38,0.050000,0.050000,0.00,Received 0.004172 ATOM from Coinbase Rewards
2023-05-03T18:23:36Z,Rewards Income,ATOM,0.003755,USD,10.97,0.040000,0.040000,0.00,Received 0.003755 ATOM from Coinbase Rewards
2023-05-03T19:18:22Z,Rewards Income,ATOM,0.001158,USD,10.95,0.010000,0.010000,0.00,Received 0.001158 ATOM from Coinbase Rewards
2023-05-03T22:49:22Z,Rewards Income,ATOM,0.001248,USD,11.14,0.010000,0.010000,0.00,Received 0.001248 ATOM from Coinbase Rewards
2023-05-03T23:31:51Z,Rewards Income,ATOM,0.000963,USD,11.11,0.010000,0.010000,0.00,Received 0.000963 ATOM from Coinbase Rewards
2023-05-03T23:37:24Z,Rewards Income,ATOM,0.000809,USD,11.09,0.010000,0.010000,0.00,Received 0.000809 ATOM from Coinbase Rewards
2023-05-11T18:10:32Z,Rewards Income,ATOM,0.001775,USD,10.58,0.020000,0.020000,0.00,Received 0.001775 ATOM from Coinbase Rewards
2023-05-12T17:21:45Z,Rewards Income,ATOM,0.006667,USD,10.92,0.070000,0.070000,0.00,Received 0.006667 ATOM from Coinbase Rewards
2023-05-12T22:53:49Z,Rewards Income,ATOM,0.001531,USD,11.10,0.020000,0.020000,0.00,Received 0.001531 ATOM from Coinbase Rewards
2023-05-13T03:26:04Z,Rewards Income,ATOM,0.003394,USD,11.02,0.040000,0.040000,0.00,Received 0.003394 ATOM from Coinbase Rewards
2023-05-26T18:36:47Z,Rewards Income,ATOM,0.001958,USD,10.57,0.020000,0.020000,0.00,Received 0.001958 ATOM from Coinbase Rewards
2023-05-26T19:23:45Z,Rewards Income,ATOM,0.004677,USD,10.55,0.050000,0.050000,0.00,Received 0.004677 ATOM from Coinbase Rewards
2023-05-26T20:41:01Z,Rewards Income,ATOM,0.000736,USD,10.55,0.010000,0.010000,0.00,Received 0.000736 ATOM from Coinbase Rewards
2023-05-26T21:56:10Z,Rewards Income,ATOM,0.000852,USD,10.54,0.010000,0.010000,0.00,Received 0.000852 ATOM from Coinbase Rewards
2023-05-27T00:01:59Z,Rewards Income,ATOM,0.00761,USD,10.52,0.080000,0.080000,0.00,Received 0.00761 ATOM from Coinbase Rewards
2023-05-27T02:31:45Z,Rewards Income,ATOM,0.000694,USD,10.54,0.010000,0.010000,0.00,Received 0.000694 ATOM from Coinbase Rewards
2023-05-27T04:51:38Z,Rewards Income,ATOM,0.00691,USD,10.60,0.070000,0.070000,0.00,Received 0.00691 ATOM from Coinbase Rewards
2023-06-05T20:44:34Z,Rewards Income,ATOM,0.0003,USD,10.01,0.00,0.00,0.00,Received 0.0003 ATOM from Coinbase Rewards
2023-06-05T21:50:27Z,Rewards Income,ATOM,0.010435,USD,9.97,0.100000,0.100000,0.00,Received 0.010435 ATOM from Coinbase Rewards
2023-06-05T22:39:40Z,Rewards Income,ATOM,0.001519,USD,9.96,0.020000,0.020000,0.00,Received 0.001519 ATOM from Coinbase Rewards
2023-06-05T23:13:08Z,Rewards Income,ATOM,0.012053,USD,9.97,0.120000,0.120000,0.00,Received 0.012053 ATOM from Coinbase Rewards
2023-06-05T23:58:27Z,Rewards Income,ATOM,0.002015,USD,10.01,0.020000,0.020000,0.00,Received 0.002015 ATOM from Coinbase Rewards
2023-06-06T01:41:41Z,Rewards Income,ATOM,0.001428,USD,9.96,0.010000,0.010000,0.00,Received 0.001428 ATOM from Coinbase Rewards
2023-06-06T03:20:14Z,Rewards Income,ATOM,0.001354,USD,10.00,0.010000,0.010000,0.00,Received 0.001354 ATOM from Coinbase Rewards
2023-06-06T05:39:22Z,Rewards Income,ATOM,0.002116,USD,10.01,0.020000,0.020000,0.00,Received 0.002116 ATOM from Coinbase Rewards
2023-06-09T02:15:13Z,Rewards Income,ATOM,2E-05,USD,9.41,0.00,0.00,0.00,Received 0.00002 ATOM from Coinbase Rewards
2023-06-09T02:41:06Z,Rewards Income,ATOM,0.000118,USD,9.33,0.00,0.00,0.00,Received 0.000118 ATOM from Coinbase Rewards
2023-06-09T17:38:54Z,Rewards Income,ATOM,0.01882,USD,9.32,0.180000,0.180000,0.00,Received 0.01882 ATOM from Coinbase Rewards
2023-06-16T19:42:06Z,Rewards Income,ATOM,0.01113,USD,8.83,0.100000,0.100000,0.00,Received 0.01113 ATOM from Coinbase Rewards
2023-06-23T19:44:23Z,Rewards Income,ATOM,0.011542,USD,9.33,0.110000,0.110000,0.00,Received 0.011542 ATOM from Coinbase Rewards
2023-07-01T14:17:18Z,Rewards Income,ATOM,0.011472,USD,9.41,0.110000,0.110000,0.00,Received 0.011472 ATOM from Coinbase Rewards
2023-07-08T12:57:52Z,Rewards Income,ATOM,0.016347,USD,9.19,0.150000,0.150000,0.00,Received 0.016347 ATOM from Coinbase Rewards
2023-07-15T14:40:17Z,Rewards Income,ATOM,0.012661,USD,9.75,0.120000,0.120000,0.00,Received 0.012661 ATOM from Coinbase Rewards
2023-07-15T18:19:47Z,Rewards Income,ATOM,0.000263,USD,9.73,0.00,0.00,0.00,Received 0.000263 ATOM from Coinbase Rewards
2023-07-22T13:33:49Z,Rewards Income,ATOM,0.013243,USD,9.37,0.120000,0.120000,0.00,Received 0.013243 ATOM from Coinbase Rewards
2023-07-22T16:07:52Z,Rewards Income,ATOM,0.000454,USD,9.40,0.00,0.00,0.00,Received 0.000454 ATOM from Coinbase Rewards
2023-07-25T15:21:45Z,Rewards Income,ATOM,0.001605,USD,9.00,0.010000,0.010000,0.00,Received 0.001605 ATOM from Coinbase Rewards
2023-07-25T20:57:04Z,Rewards Income,ATOM,0.001663,USD,8.94,0.010000,0.010000,0.00,Received 0.001663 ATOM from Coinbase Rewards
2023-07-26T22:09:53Z,Rewards Income,ATOM,0.000107,USD,8.94,0.00,0.00,0.00,Received 0.000107 ATOM from Coinbase Rewards
2023-07-27T05:15:47Z,Rewards Income,ATOM,0.000111,USD,9.08,0.00,0.00,0.00,Received 0.000111 ATOM from Coinbase Rewards
2023-07-29T15:23:41Z,Rewards Income,ATOM,0.014363,USD,9.02,0.130000,0.130000,0.00,Received 0.014363 ATOM from Coinbase Rewards
2023-08-07T14:27:14Z,Rewards Income,ATOM,0.012093,USD,8.42,0.100000,0.100000,0.00,Received 0.012093 ATOM from Coinbase Rewards
2023-08-12T14:33:36Z,Rewards Income,ATOM,0.014701,USD,8.39,0.120000,0.120000,0.00,Received 0.014701 ATOM from Coinbase Rewards
2023-08-19T13:04:46Z,Rewards Income,ATOM,0.008911,USD,7.55,0.070000,0.070000,0.00,Received 0.008911 ATOM from Coinbase Rewards
2023-08-26T14:49:02Z,Rewards Income,ATOM,0.010561,USD,7.18,0.080000,0.080000,0.00,Received 0.010561 ATOM from Coinbase Rewards
2023-09-03T14:38:14Z,Rewards Income,ATOM,0.006172,USD,6.85,0.040000,0.040000,0.00,Received 0.006172 ATOM from Coinbase Rewards
2023-09-10T13:07:26Z,Rewards Income,ATOM,0.009323,USD,6.78,0.060000,0.060000,0.00,Received 0.009323 ATOM from Coinbase Rewards
2023-09-17T13:01:57Z,Rewards Income,ATOM,0.012866,USD,7.13,0.090000,0.090000,0.00,Received 0.012866 ATOM from Coinbase Rewards
2023-09-28T02:09:24Z,Rewards Income,ATOM,0.010549,USD,7.01,0.070000,0.070000,0.00,Received 0.010549 ATOM from Coinbase Rewards
2023-10-04T16:59:14Z,Rewards Income,ATOM,0.009003,USD,6.96,0.060000,0.060000,0.00,Received 0.009003 ATOM from Coinbase Rewards
2023-10-11T14:46:09Z,Rewards Income,ATOM,0.0117,USD,6.66,0.080000,0.080000,0.00,Received 0.0117 ATOM from Coinbase Rewards
2023-10-19T16:49:02Z,Rewards Income,ATOM,0.009683,USD,6.22,0.060000,0.060000,0.00,Received 0.009683 ATOM from Coinbase Rewards
2023-10-24T07:38:44Z,Advanced Trade Buy,ATOM,14.349,USD,7.01,100.58,101.38,0.804628,Bought 14.3490 ATOM for $101.38 USD on ATOM-USDT
2023-10-24T07:38:44Z,Advanced Trade Buy,ATOM,0.005,USD,7.01,0.035047,0.035328,0.000280,Bought 0.0050 ATOM for $0.04 USD on ATOM-USDT
2023-10-24T07:38:44Z,Advanced Trade Buy,ATOM,0.001,USD,7.01,0.007009,0.007066,0.000056,Bought 0.0010 ATOM for $0.01 USD on ATOM-USDT
2023-10-24T07:38:45Z,Advanced Trade Buy,ATOM,0.000908,USD,7.01,0.006365,0.006416,0.000051,Bought 0.000908 ATOM for $0.01 USD on ATOM-USDT
2023-10-25T13:17:12Z,Rewards Income,ATOM,0.007901,USD,7.06,0.060000,0.060000,0.00,Received 0.007901 ATOM from Coinbase Rewards
2023-10-25T16:39:46Z,Rewards Income,ATOM,0.000127,USD,7.07,0.00,0.00,0.00,Received 0.000127 ATOM from Coinbase Rewards
2023-11-01T13:58:33Z,Rewards Income,ATOM,0.006607,USD,7.67,0.050000,0.050000,0.00,Received 0.006607 ATOM from Coinbase Rewards
2023-11-01T18:21:08Z,Rewards Income,ATOM,0.000889,USD,7.78,0.010000,0.010000,0.00,Received 0.000889 ATOM from Coinbase Rewards
2023-11-08T15:15:48Z,Rewards Income,ATOM,0.010173,USD,8.44,0.090000,0.090000,0.00,Received 0.010173 ATOM from Coinbase Rewards
2023-11-15T15:57:44Z,Rewards Income,ATOM,0.009397,USD,9.61,0.090000,0.090000,0.00,Received 0.009397 ATOM from Coinbase Rewards
2023-11-22T14:31:11Z,Rewards Income,ATOM,0.006498,USD,8.67,0.060000,0.060000,0.00,Received 0.006498 ATOM from Coinbase Rewards
2023-11-30T12:31:04Z,Rewards Income,ATOM,0.012993,USD,9.30,0.120000,0.120000,0.00,Received 0.012993 ATOM from Coinbase Rewards
2023-12-07T13:36:56Z,Rewards Income,ATOM,0.008174,USD,9.68,0.080000,0.080000,0.00,Received 0.008174 ATOM from Coinbase Rewards
2023-12-13T08:43:12Z,Advanced Trade Buy,ATOM,4.43,USD,11.18,49.55,49.94,0.396361,Bought 4.4300 ATOM for $49.94 USD on ATOM-USD
2023-12-13T08:43:13Z,Advanced Trade Buy,ATOM,0.005279,USD,11.18,0.059040,0.059513,0.000472,Bought 0.005279 ATOM for $0.06 USD on ATOM-USD
2023-12-14T15:40:56Z,Rewards Income,ATOM,0.005771,USD,11.31,0.070000,0.070000,0.00,Received 0.005771 ATOM from Coinbase Rewards
2023-12-21T17:43:50Z,Rewards Income,ATOM,0.000709,USD,11.19,0.010000,0.010000,0.00,Received 0.000709 ATOM from Coinbase Rewards
2023-12-21T21:10:53Z,Rewards Income,ATOM,0.006944,USD,11.38,0.080000,0.080000,0.00,Received 0.006944 ATOM from Coinbase Rewards
2023-12-28T13:55:42Z,Rewards Income,ATOM,5.9E-05,USD,11.77,0.00,0.00,0.00,Received 0.000059 ATOM from Coinbase Rewards
2023-12-28T17:35:31Z,Rewards Income,ATOM,0.008709,USD,11.46,0.100000,0.100000,0.00,Received 0.008709 ATOM from Coinbase Rewards
2024-01-04T21:15:10Z,Rewards Income,ATOM,0.008806,USD,10.25,0.090000,0.090000,0.00,Received 0.008806 ATOM from Coinbase Rewards
2024-01-14T15:37:59Z,Rewards Income,ATOM,0.008848,USD,10.20,0.090000,0.090000,0.00,Received 0.008848 ATOM from Coinbase Rewards
2024-01-14T20:05:51Z,Rewards Income,ATOM,0.000104,USD,10.27,0.00,0.00,0.00,Received 0.000104 ATOM from Coinbase Rewards
2024-01-20T06:19:57Z,Rewards Income,ATOM,0.008051,USD,9.66,0.080000,0.080000,0.00,Received 0.008051 ATOM from Coinbase Rewards
2024-01-25T16:25:19Z,Rewards Income,ATOM,0.004206,USD,9.10,0.040000,0.040000,0.00,Received 0.004206 ATOM from Coinbase Rewards
2024-01-25T17:19:14Z,Rewards Income,ATOM,0.004226,USD,9.09,0.040000,0.040000,0.00,Received 0.004226 ATOM from Coinbase Rewards
2024-02-01T13:04:19Z,Rewards Income,ATOM,0.008379,USD,9.13,0.080000,0.080000,0.00,Received 0.008379 ATOM from Coinbase Rewards
2024-02-08T13:27:29Z,Rewards Income,ATOM,0.006813,USD,9.49,0.060000,0.060000,0.00,Received 0.006813 ATOM from Coinbase Rewards
2024-02-15T14:07:24Z,Rewards Income,ATOM,0.007199,USD,10.26,0.070000,0.070000,0.00,Received 0.007199 ATOM from Coinbase Rewards
2024-02-19T23:03:13Z,Advanced Trade Sell,ATOM,23.7,USD,10.75,254.73,253.33,1.40,Sold 23.7000 ATOM for $253.33 USD on ATOM-USD
2024-02-22T13:59:37Z,Rewards Income,ATOM,0.009011,USD,9.78,0.090000,0.090000,0.00,Received 0.009011 ATOM from Coinbase Rewards
2024-02-29T14:42:36Z,Rewards Income,ATOM,0.001642,USD,11.79,0.020000,0.020000,0.00,Received 0.001642 ATOM from Coinbase Rewards
2024-02-29T15:20:44Z,Rewards Income,ATOM,0.005554,USD,11.89,0.070000,0.070000,0.00,Received 0.005554 ATOM from Coinbase Rewards
2021-06-05T21:01:29Z,Learning Reward,COMP,0.0077109,USD,389.02,3.00,3.00,0.00,Received 0.0077109 COMP from Coinbase as a learning reward
2021-06-05T21:03:28Z,Learning Reward,COMP,0.00772201,USD,388.30,3.00,3.00,0.00,Received 0.00772201 COMP from Coinbase as a learning reward
2021-06-05T21:04:45Z,Learning Reward,COMP,0.00772599,USD,388.42,3.00,3.00,0.00,Received 0.00772599 COMP from Coinbase as a learning reward
2024-02-13T21:37:38Z,Advanced Trade Buy,FIL,18.275,USD,5.50,100.44,101.44,1.00,Bought 18.2750 FIL for $101.44 USD on FIL-USD
2024-02-13T21:37:38Z,Advanced Trade Buy,FIL,0.00760336,USD,5.50,0.041788,0.042206,0.000418,Bought 0.00760336 FIL for $0.04 USD on FIL-USD
2024-02-19T18:33:28Z,Advanced Trade Buy,FIL,17.124,USD,7.10,121.49,122.16,0.668221,Bought 17.1240 FIL for $122.16 USD on FIL-USD
2024-02-19T18:33:29Z,Advanced Trade Buy,FIL,0.00770935,USD,7.10,0.054698,0.054999,0.000301,Bought 0.00770935 FIL for $0.05 USD on FIL-USD
2024-02-19T18:34:18Z,Advanced Trade Buy,FIL,13.121,USD,7.09,93.08,93.59,0.511942,Bought 13.1210 FIL for $93.59 USD on FIL-USD
2024-02-19T18:34:18Z,Advanced Trade Buy,FIL,0.00556341,USD,7.09,0.039467,0.039684,0.000217,Bought 0.00556341 FIL for $0.04 USD on FIL-USD
2021-06-12T18:43:12Z,Learning Reward,GRT,1.63238655,USD,0.610000,1.00,1.00,0.00,Received 1.63238655 GRT from Coinbase as a learning reward
2021-06-12T18:43:41Z,Learning Reward,GRT,1.63238655,USD,0.610000,1.00,1.00,0.00,Received 1.63238655 GRT from Coinbase as a learning reward
2021-06-12T18:44:17Z,Learning Reward,GRT,1.63105529,USD,0.610000,0.990000,0.990000,0.00,Received 1.63105529 GRT from Coinbase as a learning reward
2023-10-27T06:04:01Z,Advanced Trade Buy,GRT,248.65,USD,0.098600,24.52,24.71,0.196135,Bought 248.6500 GRT for $24.71 USD on GRT-USD
2023-10-27T06:04:01Z,Advanced Trade Buy,GRT,880.87,USD,0.098600,86.85,87.55,0.694830,Bought 880.8700 GRT for $87.55 USD on GRT-USD
2023-10-27T06:04:01Z,Advanced Trade Buy,GRT,0.4614466,USD,0.098600,0.045499,0.045863,0.000364,Bought 0.4614466 GRT for $0.05 USD on GRT-USD
2024-01-24T06:22:59Z,Learning Reward,GRT,6.80040802,USD,0.140000,0.950000,0.950000,0.00,Received 6.80040802 GRT from Coinbase as a learning reward
2024-02-10T19:14:01Z,Advanced Trade Buy,GRT,202.51,USD,0.171300,34.69,34.97,0.277520,Bought 202.5100 GRT for $34.97 USD on GRT-USD
2024-02-10T19:14:01Z,Advanced Trade Buy,GRT,0.08639173,USD,0.171300,0.014799,0.014917,0.000118,Bought 0.08639173 GRT for $0.01 USD on GRT-USD
2024-02-12T20:50:50Z,Advanced Trade Buy,GRT,296.33,USD,0.175600,52.04,52.45,0.416284,Bought 296.3300 GRT for $52.45 USD on GRT-USD
2024-02-12T20:50:50Z,Advanced Trade Buy,GRT,0.12297754,USD,0.175600,0.021595,0.021768,0.000173,Bought 0.12297754 GRT for $0.02 USD on GRT-USD
2024-02-19T17:54:29Z,Advanced Trade Buy,GRT,486.76,USD,0.248500,120.96,122.17,1.21,Bought 486.7600 GRT for $122.17 USD on GRT-USD
2024-02-19T17:54:29Z,Advanced Trade Buy,GRT,0.19738789,USD,0.248500,0.049051,0.049541,0.000491,Bought 0.19738789 GRT for $0.05 USD on GRT-USD
2024-02-20T01:58:42Z,Advanced Trade Buy,GRT,183.81,USD,0.246700,45.35,45.60,0.249403,Bought 183.8100 GRT for $45.60 USD on GRT-USD
2024-02-20T01:58:42Z,Advanced Trade Buy,GRT,0.07929795,USD,0.246700,0.019563,0.019670,0.000108,Bought 0.07929795 GRT for $0.02 USD on GRT-USD
2024-02-26T23:37:04Z,Advanced Trade Buy,GRT,499.8,USD,0.292600,146.24,147.05,0.804328,Bought 499.8000 GRT for $147.05 USD on GRT-USD
2024-02-26T23:37:04Z,Advanced Trade Buy,GRT,0.20016994,USD,0.292600,0.058570,0.058892,0.000322,Bought 0.20016994 GRT for $0.06 USD on GRT-USD
2024-02-27T19:46:41Z,Advanced Trade Buy,GRT,99.96,USD,0.280000,27.99,28.14,0.153938,Bought 99.9600 GRT for $28.14 USD on GRT-USD
2024-02-27T19:46:41Z,Advanced Trade Buy,GRT,0.04,USD,0.280000,0.011200,0.011262,0.000062,Bought 0.0400 GRT for $0.01 USD on GRT-USD
2024-02-28T00:28:25Z,Buy,GRT,172.77317339,USD,0.277900,48.01,50.00,1.99,Bought 172.77317339 GRT for $50.00 USD
2021-05-22T00:20:10Z,Learning Reward,MATIC,0.69056004,USD,1.45,1.00,1.00,0.00,Received 0.69056004 MATIC from Coinbase as a learning reward
2021-05-22T00:21:51Z,Learning Reward,MATIC,0.68115251,USD,1.46,0.990000,0.990000,0.00,Received 0.68115251 MATIC from Coinbase as a learning reward
2021-06-05T21:07:54Z,Learning Reward,MATIC,0.64977258,USD,1.54,1.00,1.00,0.00,Received 0.64977258 MATIC from Coinbase as a learning reward
2023-03-11T23:39:59Z,Advanced Trade Buy,MATIC,50.7,USD,1.07,54.00,54.22,0.216002,Bought 50.7000 MATIC for $54.22 USD on MATIC-USD
2021-05-13T18:47:05Z,Buy,ADA,25.041225,USD,1.92,48.01,50.00,1.99,Bought 25.041225 ADA for $50.00 USD
2021-05-20T00:19:17Z,Buy,ADA,30.548116,USD,1.57,48.01,50.00,1.99,Bought 30.548116 ADA for $50.00 USD
2021-05-21T16:45:48Z,Buy,ADA,61.240555,USD,1.58,97.01,100.00,2.99,Bought 61.240555 ADA for $100.00 USD
2021-05-21T21:39:40Z,Send,ADA,14.057345,USD,1.50,,,,Sent 14.057345 ADA to addr1qy502cacrsdmn923rte4mnedqqase3esjtnp09d6r36xmywl25vgndxwnq4eg3z49xusmmwxmke06qecyd3t2e2cq65qp7dydx
2021-05-23T10:14:34Z,Buy,ADA,113.411852,USD,1.30,147.01,150.00,2.99,Bought 113.411852 ADA for $150.00 USD
2021-05-23T17:01:59Z,Buy,ADA,125.899299,USD,1.17,147.01,150.00,2.99,Bought 125.899299 ADA for $150.00 USD
2021-05-29T21:55:50Z,Send,ADA,565.180021,USD,1.39,,,,Sent 565.180021 ADA to addr1qy502cacrsdmn923rte4mnedqqase3esjtnp09d6r36xmywl25vgndxwnq4eg3z49xusmmwxmke06qecyd3t2e2cq65qp7dydx
2021-05-30T01:18:56Z,Send,ADA,248.763461,USD,1.37,,,,Sent 248.763461 ADA to addr1qy502cacrsdmn923rte4mnedqqase3esjtnp09d6r36xmywl25vgndxwnq4eg3z49xusmmwxmke06qecyd3t2e2cq65qp7dydx
2021-06-09T23:21:15Z,Send,ADA,700.180021,USD,1.61,,,,Sent 700.180021 ADA to addr1qy502cacrsdmn923rte4mnedqqase3esjtnp09d6r36xmywl25vgndxwnq4eg3z49xusmmwxmke06qecyd3t2e2cq65qp7dydx
2021-06-12T21:15:08Z,Send,ADA,550.180021,USD,1.49,,,,Sent 550.180021 ADA to addr1qy502cacrsdmn923rte4mnedqqase3esjtnp09d6r36xmywl25vgndxwnq4eg3z49xusmmwxmke06qecyd3t2e2cq65qp7dydx
2021-06-21T23:01:54Z,Send,ADA,1750.180021,USD,1.18,,,,"Sent 1,750.180021 ADA to addr1qy502cacrsdmn923rte4mnedqqase3esjtnp09d6r36xmywl25vgndxwnq4eg3z49xusmmwxmke06qecyd3t2e2cq65qp7dydx"
2021-06-22T17:49:52Z,Send,ADA,1063.580021,USD,1.20,,,,"Sent 1,063.580021 ADA to addr1qy502cacrsdmn923rte4mnedqqase3esjtnp09d6r36xmywl25vgndxwnq4eg3z49xusmmwxmke06qecyd3t2e2cq65qp7dydx"
2021-06-27T05:14:38Z,Send,ADA,423.680021,USD,1.28,,,,Sent 423.680021 ADA to addr1qy502cacrsdmn923rte4mnedqqase3esjtnp09d6r36xmywl25vgndxwnq4eg3z49xusmmwxmke06qecyd3t2e2cq65qp7dydx
2021-07-04T03:25:24Z,Send,ADA,257.980021,USD,1.40,,,,Sent 257.980021 ADA to addr1qy502cacrsdmn923rte4mnedqqase3esjtnp09d6r36xmywl25vgndxwnq4eg3z49xusmmwxmke06qecyd3t2e2cq65qp7dydx
2021-07-09T17:33:53Z,Send,ADA,756.580021,USD,1.35,,,,Sent 756.580021 ADA to addr1qy502cacrsdmn923rte4mnedqqase3esjtnp09d6r36xmywl25vgndxwnq4eg3z49xusmmwxmke06qecyd3t2e2cq65qp7dydx
2021-07-14T19:40:12Z,Send,ADA,873.580021,USD,1.27,,,,Sent 873.580021 ADA to addr1qy502cacrsdmn923rte4mnedqqase3esjtnp09d6r36xmywl25vgndxwnq4eg3z49xusmmwxmke06qecyd3t2e2cq65qp7dydx
2021-07-17T20:08:12Z,Send,ADA,515.380021,USD,1.19,,,,Sent 515.380021 ADA to addr1qy502cacrsdmn923rte4mnedqqase3esjtnp09d6r36xmywl25vgndxwnq4eg3z49xusmmwxmke06qecyd3t2e2cq65qp7dydx
2021-07-22T20:59:56Z,Send,ADA,741.280021,USD,1.18,,,,Sent 741.280021 ADA to addr1qy502cacrsdmn923rte4mnedqqase3esjtnp09d6r36xmywl25vgndxwnq4eg3z49xusmmwxmke06qecyd3t2e2cq65qp7dydx
2021-07-30T18:28:13Z,Send,ADA,823.480021,USD,1.27,,,,Sent 823.480021 ADA to addr1qy502cacrsdmn923rte4mnedqqase3esjtnp09d6r36xmywl25vgndxwnq4eg3z49xusmmwxmke06qecyd3t2e2cq65qp7dydx
2021-08-08T01:21:00Z,Send,ADA,437.580021,USD,1.46,,,,Sent 437.580021 ADA to addr1qy502cacrsdmn923rte4mnedqqase3esjtnp09d6r36xmywl25vgndxwnq4eg3z49xusmmwxmke06qecyd3t2e2cq65qp7dydx
2021-08-11T00:10:46Z,Send,ADA,93.320241,USD,1.68,,,,Sent 93.320241 ADA to addr1qy502cacrsdmn923rte4mnedqqase3esjtnp09d6r36xmywl25vgndxwnq4eg3z49xusmmwxmke06qecyd3t2e2cq65qp7dydx
2021-08-22T01:39:41Z,Send,ADA,142.180021,USD,2.49,,,,Sent 142.180021 ADA to addr1qy502cacrsdmn923rte4mnedqqase3esjtnp09d6r36xmywl25vgndxwnq4eg3z49xusmmwxmke06qecyd3t2e2cq65qp7dydx
2021-08-31T23:10:35Z,Send,ADA,500.180021,USD,2.77,,,,Sent 500.180021 ADA to addr1qy502cacrsdmn923rte4mnedqqase3esjtnp09d6r36xmywl25vgndxwnq4eg3z49xusmmwxmke06qecyd3t2e2cq65qp7dydx
2021-09-05T01:02:56Z,Send,ADA,500.180021,USD,2.86,,,,Sent 500.180021 ADA to addr1qy502cacrsdmn923rte4mnedqqase3esjtnp09d6r36xmywl25vgndxwnq4eg3z49xusmmwxmke06qecyd3t2e2cq65qp7dydx
2021-09-07T23:58:21Z,Send,ADA,1900.180021,USD,2.51,,,,"Sent 1,900.180021 ADA to addr1qy502cacrsdmn923rte4mnedqqase3esjtnp09d6r36xmywl25vgndxwnq4eg3z49xusmmwxmke06qecyd3t2e2cq65qp7dydx"
2021-09-13T01:45:12Z,Send,ADA,756.380021,USD,2.46,,,,Sent 756.380021 ADA to addr1qy502cacrsdmn923rte4mnedqqase3esjtnp09d6r36xmywl25vgndxwnq4eg3z49xusmmwxmke06qecyd3t2e2cq65qp7dydx
2021-09-21T18:08:13Z,Send,ADA,748.080021,USD,2.06,,,,Sent 748.080021 ADA to addr1qy502cacrsdmn923rte4mnedqqase3esjtnp09d6r36xmywl25vgndxwnq4eg3z49xusmmwxmke06qecyd3t2e2cq65qp7dydx
2021-09-26T04:42:07Z,Send,ADA,585.380021,USD,2.23,,,,Sent 585.380021 ADA to addr1qy502cacrsdmn923rte4mnedqqase3esjtnp09d6r36xmywl25vgndxwnq4eg3z49xusmmwxmke06qecyd3t2e2cq65qp7dydx
2021-10-07T18:31:21Z,Send,ADA,203.380021,USD,2.30,,,,Sent 203.380021 ADA to addr1qy502cacrsdmn923rte4mnedqqase3esjtnp09d6r36xmywl25vgndxwnq4eg3z49xusmmwxmke06qecyd3t2e2cq65qp7dydx
2021-10-22T18:36:50Z,Send,ADA,326.380021,USD,2.16,,,,Sent 326.380021 ADA to addr1qy502cacrsdmn923rte4mnedqqase3esjtnp09d6r36xmywl25vgndxwnq4eg3z49xusmmwxmke06qecyd3t2e2cq65qp7dydx
2021-10-28T04:29:25Z,Send,ADA,299.980021,USD,1.92,,,,Sent 299.980021 ADA to addr1qy502cacrsdmn923rte4mnedqqase3esjtnp09d6r36xmywl25vgndxwnq4eg3z49xusmmwxmke06qecyd3t2e2cq65qp7dydx
2022-12-24T17:15:29Z,Rewards Income,ADA,0.46969,USD,0.250000,0.120000,0.120000,0.00,Received 0.46969 ADA from Coinbase Rewards
2022-12-29T17:15:10Z,Rewards Income,ADA,0.43331,USD,0.240000,0.100000,0.100000,0.00,Received 0.43331 ADA from Coinbase Rewards
2023-01-04T19:45:57Z,Rewards Income,ADA,0.439152,USD,0.260000,0.110000,0.110000,0.00,Received 0.439152 ADA from Coinbase Rewards
2023-01-07T18:11:36Z,Rewards Income,ADA,0.439295,USD,0.270000,0.120000,0.120000,0.00,Received 0.439295 ADA from Coinbase Rewards
2023-01-23T05:43:27Z,Rewards Income,ADA,0.405123,USD,0.370000,0.150000,0.150000,0.00,Received 0.405123 ADA from Coinbase Rewards
2023-01-26T05:22:25Z,Rewards Income,ADA,0.412889,USD,0.380000,0.160000,0.160000,0.00,Received 0.412889 ADA from Coinbase Rewards
2023-01-30T19:45:07Z,Rewards Income,ADA,0.419506,USD,0.370000,0.160000,0.160000,0.00,Received 0.419506 ADA from Coinbase Rewards
2023-02-02T06:50:23Z,Rewards Income,ADA,0.403923,USD,0.400000,0.160000,0.160000,0.00,Received 0.403923 ADA from Coinbase Rewards
2023-02-08T17:37:58Z,Rewards Income,ADA,0.411123,USD,0.390000,0.160000,0.160000,0.00,Received 0.411123 ADA from Coinbase Rewards
2023-02-12T22:10:36Z,Rewards Income,ADA,0.411571,USD,0.360000,0.150000,0.150000,0.00,Received 0.411571 ADA from Coinbase Rewards
2023-02-16T20:21:10Z,Rewards Income,ADA,0.391125,USD,0.400000,0.160000,0.160000,0.00,Received 0.391125 ADA from Coinbase Rewards
2023-02-21T09:34:03Z,Rewards Income,ADA,0.415482,USD,0.390000,0.160000,0.160000,0.00,Received 0.415482 ADA from Coinbase Rewards
2023-02-27T17:37:28Z,Rewards Income,ADA,0.414378,USD,0.360000,0.150000,0.150000,0.00,Received 0.414378 ADA from Coinbase Rewards
2023-03-09T19:45:17Z,Rewards Income,ADA,0.405671,USD,0.300000,0.120000,0.120000,0.00,Received 0.405671 ADA from Coinbase Rewards
2023-03-16T04:51:07Z,Advanced Trade Buy,ADA,153.91,USD,0.322900,49.70,49.90,0.198790,Bought 153.9100 ADA for $49.90 USD on ADA-USD
2023-03-18T22:34:38Z,Rewards Income,ADA,0.378194,USD,0.340000,0.130000,0.130000,0.00,Received 0.378194 ADA from Coinbase Rewards
2023-04-01T07:32:11Z,Rewards Income,ADA,0.336401,USD,0.390000,0.130000,0.130000,0.00,Received 0.336401 ADA from Coinbase Rewards
2023-04-02T18:55:09Z,Rewards Income,ADA,0.344556,USD,0.380000,0.130000,0.130000,0.00,Received 0.344556 ADA from Coinbase Rewards
2023-04-04T05:55:04Z,Rewards Income,ADA,0.38963,USD,0.380000,0.150000,0.150000,0.00,Received 0.38963 ADA from Coinbase Rewards
2023-04-13T02:20:38Z,Rewards Income,ADA,0.481327,USD,0.400000,0.190000,0.190000,0.00,Received 0.481327 ADA from Coinbase Rewards
2023-04-17T05:01:09Z,Rewards Income,ADA,0.451162,USD,0.440000,0.200000,0.200000,0.00,Received 0.451162 ADA from Coinbase Rewards
2023-04-22T05:08:02Z,Rewards Income,ADA,0.441844,USD,0.380000,0.170000,0.170000,0.00,Received 0.441844 ADA from Coinbase Rewards
2023-04-27T17:05:42Z,Rewards Income,ADA,0.437888,USD,0.410000,0.180000,0.180000,0.00,Received 0.437888 ADA from Coinbase Rewards
2023-04-28T23:40:09Z,Rewards Income,ADA,0.371971,USD,0.400000,0.150000,0.150000,0.00,Received 0.371971 ADA from Coinbase Rewards
2023-04-29T22:38:00Z,Rewards Income,ADA,0.380514,USD,0.400000,0.150000,0.150000,0.00,Received 0.380514 ADA from Coinbase Rewards
2023-05-02T06:00:14Z,Rewards Income,ADA,0.443896,USD,0.380000,0.170000,0.170000,0.00,Received 0.443896 ADA from Coinbase Rewards
2023-05-07T05:00:16Z,Rewards Income,ADA,0.411338,USD,0.380000,0.160000,0.160000,0.00,Received 0.411338 ADA from Coinbase Rewards
2023-05-13T14:39:46Z,Rewards Income,ADA,0.421402,USD,0.360000,0.150000,0.150000,0.00,Received 0.421402 ADA from Coinbase Rewards
2023-05-24T13:34:06Z,Rewards Income,ADA,0.45193,USD,0.360000,0.160000,0.160000,0.00,Received 0.45193 ADA from Coinbase Rewards
2023-05-30T23:12:26Z,Rewards Income,ADA,0.486585,USD,0.370000,0.180000,0.180000,0.00,Received 0.486585 ADA from Coinbase Rewards
2023-06-01T23:08:58Z,Rewards Income,ADA,0.477234,USD,0.360000,0.170000,0.170000,0.00,Received 0.477234 ADA from Coinbase Rewards
2023-06-08T20:57:43Z,Rewards Income,ADA,0.475749,USD,0.320000,0.150000,0.150000,0.00,Received 0.475749 ADA from Coinbase Rewards
2023-06-10T21:36:32Z,Rewards Income,ADA,0.479754,USD,0.270000,0.130000,0.130000,0.00,Received 0.479754 ADA from Coinbase Rewards
2023-06-22T12:35:15Z,Rewards Income,ADA,0.454879,USD,0.290000,0.130000,0.130000,0.00,Received 0.454879 ADA from Coinbase Rewards
2023-06-22T15:39:21Z,Rewards Income,ADA,0.481507,USD,0.280000,0.130000,0.130000,0.00,Received 0.481507 ADA from Coinbase Rewards
2023-06-27T21:57:36Z,Rewards Income,ADA,0.469325,USD,0.280000,0.130000,0.130000,0.00,Received 0.469325 ADA from Coinbase Rewards
2023-07-01T22:16:35Z,Rewards Income,ADA,0.464788,USD,0.290000,0.130000,0.130000,0.00,Received 0.464788 ADA from Coinbase Rewards
2023-07-07T00:11:43Z,Rewards Income,ADA,0.491598,USD,0.270000,0.130000,0.130000,0.00,Received 0.491598 ADA from Coinbase Rewards
2023-07-20T21:52:44Z,Rewards Income,ADA,0.470902,USD,0.310000,0.150000,0.150000,0.00,Received 0.470902 ADA from Coinbase Rewards
2023-07-21T23:19:29Z,Rewards Income,ADA,0.474448,USD,0.310000,0.150000,0.150000,0.00,Received 0.474448 ADA from Coinbase Rewards
2023-07-27T13:14:50Z,Rewards Income,ADA,0.482279,USD,0.300000,0.140000,0.140000,0.00,Received 0.482279 ADA from Coinbase Rewards
2023-08-01T18:57:33Z,Rewards Income,ADA,0.469163,USD,0.300000,0.140000,0.140000,0.00,Received 0.469163 ADA from Coinbase Rewards
2023-08-03T04:42:47Z,Rewards Income,ADA,0.451949,USD,0.290000,0.130000,0.130000,0.00,Received 0.451949 ADA from Coinbase Rewards
2023-08-11T02:28:13Z,Rewards Income,ADA,0.47109,USD,0.290000,0.140000,0.140000,0.00,Received 0.47109 ADA from Coinbase Rewards
2023-08-11T23:40:34Z,Rewards Income,ADA,0.456148,USD,0.290000,0.130000,0.130000,0.00,Received 0.456148 ADA from Coinbase Rewards
2023-08-16T09:29:50Z,Rewards Income,ADA,0.482794,USD,0.270000,0.130000,0.130000,0.00,Received 0.482794 ADA from Coinbase Rewards
2023-08-24T22:07:42Z,Rewards Income,ADA,0.471752,USD,0.260000,0.120000,0.120000,0.00,Received 0.471752 ADA from Coinbase Rewards
2023-08-29T20:08:02Z,Rewards Income,ADA,0.460656,USD,0.270000,0.120000,0.120000,0.00,Received 0.460656 ADA from Coinbase Rewards
2023-08-31T09:20:45Z,Rewards Income,ADA,0.43381,USD,0.260000,0.110000,0.110000,0.00,Received 0.43381 ADA from Coinbase Rewards
2023-09-07T22:35:54Z,Rewards Income,ADA,0.017377,USD,0.250000,0.00,0.00,0.00,Received 0.017377 ADA from Coinbase Rewards
2023-09-08T21:03:38Z,Rewards Income,ADA,0.476396,USD,0.250000,0.120000,0.120000,0.00,Received 0.476396 ADA from Coinbase Rewards
2023-09-14T01:17:51Z,Rewards Income,ADA,0.471397,USD,0.250000,0.120000,0.120000,0.00,Received 0.471397 ADA from Coinbase Rewards
2023-09-19T00:24:12Z,Rewards Income,ADA,0.444887,USD,0.250000,0.110000,0.110000,0.00,Received 0.444887 ADA from Coinbase Rewards
2023-09-26T04:49:08Z,Rewards Income,ADA,0.439526,USD,0.240000,0.110000,0.110000,0.00,Received 0.439526 ADA from Coinbase Rewards
2023-09-28T21:11:07Z,Rewards Income,ADA,0.444345,USD,0.240000,0.110000,0.110000,0.00,Received 0.444345 ADA from Coinbase Rewards
2023-10-04T01:41:37Z,Rewards Income,ADA,0.460597,USD,0.250000,0.120000,0.120000,0.00,Received 0.460597 ADA from Coinbase Rewards
2023-10-09T09:02:19Z,Rewards Income,ADA,0.460044,USD,0.250000,0.120000,0.120000,0.00,Received 0.460044 ADA from Coinbase Rewards
2023-10-14T04:29:09Z,Rewards Income,ADA,0.447161,USD,0.240000,0.110000,0.110000,0.00,Received 0.447161 ADA from Coinbase Rewards
2023-10-20T04:55:56Z,Rewards Income,ADA,0.350509,USD,0.240000,0.080000,0.080000,0.00,Received 0.350509 ADA from Coinbase Rewards
2023-10-24T06:05:28Z,Rewards Income,ADA,0.445304,USD,0.280000,0.120000,0.120000,0.00,Received 0.445304 ADA from Coinbase Rewards
2023-10-29T23:24:12Z,Rewards Income,ADA,0.448126,USD,0.290000,0.130000,0.130000,0.00,Received 0.448126 ADA from Coinbase Rewards
2023-10-30T19:13:55Z,Advanced Trade Buy,ADA,499.8,USD,0.298600,149.24,150.43,1.19,Bought 499.8000 ADA for $150.43 USD on ADA-USD
2023-10-30T19:13:55Z,Advanced Trade Buy,ADA,0.2,USD,0.298600,0.059720,0.060198,0.000478,Bought 0.2000 ADA for $0.06 USD on ADA-USD
2023-11-08T21:28:50Z,Rewards Income,ADA,0.44529,USD,0.350000,0.160000,0.160000,0.00,Received 0.44529 ADA from Coinbase Rewards
2023-11-16T06:47:58Z,Rewards Income,ADA,0.458882,USD,0.380000,0.170000,0.170000,0.00,Received 0.458882 ADA from Coinbase Rewards
2023-11-18T09:39:38Z,Rewards Income,ADA,0.887099,USD,0.350000,0.310000,0.310000,0.00,Received 0.887099 ADA from Coinbase Rewards
2023-11-23T11:56:26Z,Rewards Income,ADA,0.449882,USD,0.380000,0.170000,0.170000,0.00,Received 0.449882 ADA from Coinbase Rewards
2023-11-27T18:03:07Z,Advanced Trade Buy,ADA,134.3,USD,0.377600,50.71,51.12,0.405693,Bought 134.3000 ADA for $51.12 USD on ADA-USD
2023-11-27T18:03:07Z,Advanced Trade Buy,ADA,21.26,USD,0.377600,8.03,8.09,0.064222,Bought 21.2600 ADA for $8.09 USD on ADA-USD
2023-11-27T18:03:07Z,Advanced Trade Buy,ADA,0.069434,USD,0.377600,0.026218,0.026428,0.000210,Bought 0.069434 ADA for $0.03 USD on ADA-USD
2023-11-30T00:45:19Z,Rewards Income,ADA,0.445537,USD,0.380000,0.170000,0.170000,0.00,Received 0.445537 ADA from Coinbase Rewards
2023-12-03T06:17:33Z,Rewards Income,ADA,0.434743,USD,0.390000,0.170000,0.170000,0.00,Received 0.434743 ADA from Coinbase Rewards
2023-12-07T17:48:06Z,Advanced Trade Buy,ADA,194.85,USD,0.452200,88.11,88.82,0.704889,Bought 194.8500 ADA for $88.82 USD on ADA-USD
2023-12-07T17:48:06Z,Advanced Trade Buy,ADA,0.082578,USD,0.452200,0.037342,0.037641,0.000299,Bought 0.082578 ADA for $0.04 USD on ADA-USD
2023-12-08T01:41:42Z,Rewards Income,ADA,0.449621,USD,0.450000,0.200000,0.200000,0.00,Received 0.449621 ADA from Coinbase Rewards
2023-12-12T22:40:45Z,Rewards Income,ADA,0.438759,USD,0.560000,0.250000,0.250000,0.00,Received 0.438759 ADA from Coinbase Rewards
2023-12-13T08:30:11Z,Advanced Trade Buy,ADA,49.13,USD,0.564900,27.75,27.98,0.222028,Bought 49.1300 ADA for $27.98 USD on ADA-USD
2023-12-13T08:30:12Z,Advanced Trade Buy,ADA,28.61,USD,0.565000,16.16,16.29,0.129317,Bought 28.6100 ADA for $16.29 USD on ADA-USD
2023-12-13T08:30:12Z,Advanced Trade Buy,ADA,97.78,USD,0.565000,55.25,55.69,0.441966,Bought 97.7800 ADA for $55.69 USD on ADA-USD
2023-12-13T08:30:12Z,Advanced Trade Buy,ADA,0.078328,USD,0.564900,0.044247,0.044601,0.000354,Bought 0.078328 ADA for $0.04 USD on ADA-USD
2023-12-14T04:40:06Z,Rewards Income,ADA,0.439023,USD,0.650000,0.290000,0.290000,0.00,Received 0.439023 ADA from Coinbase Rewards
2023-12-16T00:40:12Z,Send,ADA,848.212585,USD,0.590000,,,,Sent 848.212585 ADA to addr1q9wv0p9ch9h2rnytsts840tystmut4gattpw6q6v0443tjfqkptj9ghz6mqxqg6ufajf0cdkv7xm84drarl756kstj7qa3u555
2023-12-18T01:27:08Z,Rewards Income,ADA,0.436569,USD,0.570000,0.250000,0.250000,0.00,Received 0.436569 ADA from Coinbase Rewards
2023-12-22T20:48:22Z,Rewards Income,ADA,0.435514,USD,0.620000,0.270000,0.270000,0.00,Received 0.435514 ADA from Coinbase Rewards
2023-12-28T05:49:09Z,Rewards Income,ADA,0.437654,USD,0.650000,0.280000,0.280000,0.00,Received 0.437654 ADA from Coinbase Rewards
2024-01-02T02:54:54Z,Rewards Income,ADA,0.44155,USD,0.630000,0.280000,0.280000,0.00,Received 0.44155 ADA from Coinbase Rewards
2024-01-04T21:19:19Z,Buy,ADA,167.667423,USD,0.578600,97.01,100.00,2.99,Bought 167.667423 ADA for $100.00 USD
2024-01-06T23:50:27Z,Rewards Income,ADA,0.431091,USD,0.520000,0.220000,0.220000,0.00,Received 0.431091 ADA from Coinbase Rewards
2024-01-08T03:34:05Z,Advanced Trade Buy,ADA,99.96,USD,0.472300,47.21,47.47,0.259661,Bought 99.9600 ADA for $47.47 USD on ADA-USD
2024-01-08T03:34:05Z,Advanced Trade Buy,ADA,0.040073,USD,0.472300,0.018926,0.019031,0.000104,Bought 0.040073 ADA for $0.02 USD on ADA-USD
2024-01-11T02:23:12Z,Advanced Trade Buy,ADA,99.97,USD,0.576200,57.60,57.92,0.316815,Bought 99.9700 ADA for $57.92 USD on ADA-USD
2024-01-11T02:23:12Z,Advanced Trade Buy,ADA,0.047415,USD,0.576200,0.027321,0.027471,0.000150,Bought 0.047415 ADA for $0.03 USD on ADA-USD
2024-01-14T04:01:05Z,Rewards Income,ADA,0.427088,USD,0.540000,0.230000,0.230000,0.00,Received 0.427088 ADA from Coinbase Rewards
2024-01-20T00:46:52Z,Rewards Income,ADA,0.452167,USD,0.500000,0.230000,0.230000,0.00,Received 0.452167 ADA from Coinbase Rewards
2024-01-21T18:51:11Z,Rewards Income,ADA,0.453775,USD,0.510000,0.230000,0.230000,0.00,Received 0.453775 ADA from Coinbase Rewards
2024-01-23T15:25:44Z,Advanced Trade Buy,ADA,3.15,USD,0.469600,1.48,1.49,0.011834,Bought 3.1500 ADA for $1.49 USD on ADA-USD
2024-01-23T15:25:45Z,Advanced Trade Buy,ADA,291.44,USD,0.469600,136.86,137.68,0.821161,Bought 291.4400 ADA for $137.68 USD on ADA-USD
2024-01-26T23:35:36Z,Rewards Income,ADA,0.43525,USD,0.480000,0.210000,0.210000,0.00,Received 0.43525 ADA from Coinbase Rewards
2024-02-01T03:16:41Z,Rewards Income,ADA,0.447434,USD,0.490000,0.220000,0.220000,0.00,Received 0.447434 ADA from Coinbase Rewards
2024-02-05T22:47:52Z,Rewards Income,ADA,0.412488,USD,0.480000,0.200000,0.200000,0.00,Received 0.412488 ADA from Coinbase Rewards
2024-02-10T19:45:29Z,Rewards Income,ADA,0.438411,USD,0.540000,0.240000,0.240000,0.00,Received 0.438411 ADA from Coinbase Rewards
2024-02-15T23:20:35Z,Rewards Income,ADA,0.448903,USD,0.600000,0.270000,0.270000,0.00,Received 0.448903 ADA from Coinbase Rewards
2024-02-18T06:02:24Z,Advanced Trade Buy,ADA,110.4,USD,0.623700,68.86,69.55,0.688565,Bought 110.4000 ADA for $69.55 USD on ADA-USD
2024-02-18T06:02:24Z,Advanced Trade Buy,ADA,0.046282,USD,0.623700,0.028866,0.029155,0.000289,Bought 0.046282 ADA for $0.03 USD on ADA-USD
2024-02-20T01:24:17Z,Advanced Trade Buy,ADA,48.62,USD,0.622800,30.28,30.45,0.166543,Bought 48.6200 ADA for $30.45 USD on ADA-USD
2024-02-20T01:24:17Z,Advanced Trade Buy,ADA,24.18,USD,0.622900,15.06,15.14,0.082839,Bought 24.1800 ADA for $15.14 USD on ADA-USD
2024-02-20T01:24:17Z,Advanced Trade Buy,ADA,0.037461,USD,0.622800,0.023331,0.023459,0.000128,Bought 0.037461 ADA for $0.02 USD on ADA-USD
2024-02-21T20:49:04Z,Advanced Trade Buy,ADA,62.29,USD,0.583100,36.32,36.52,0.199767,Bought 62.2900 ADA for $36.52 USD on ADA-USD
2024-02-21T20:49:04Z,Advanced Trade Buy,ADA,137.61,USD,0.583200,80.25,80.70,0.441398,Bought 137.6100 ADA for $80.70 USD on ADA-USD
2024-02-21T20:49:04Z,Advanced Trade Buy,ADA,0.089686,USD,0.583100,0.052296,0.052584,0.000288,Bought 0.089686 ADA for $0.05 USD on ADA-USD
2024-02-22T19:05:19Z,Advanced Trade Buy,ADA,99.92,USD,0.597700,59.72,60.05,0.328472,Bought 99.9200 ADA for $60.05 USD on ADA-USD
2024-02-22T19:05:19Z,Advanced Trade Buy,ADA,0.046663,USD,0.597700,0.027890,0.028044,0.000153,Bought 0.046663 ADA for $0.03 USD on ADA-USD
2024-02-22T22:12:06Z,Rewards Income,ADA,0.426695,USD,0.590000,0.250000,0.250000,0.00,Received 0.426695 ADA from Coinbase Rewards
2024-02-25T02:24:00Z,Advanced Trade Buy,ADA,99.96,USD,0.599700,59.95,60.28,0.329703,Bought 99.9600 ADA for $60.28 USD on ADA-USD
2024-02-25T02:24:00Z,Advanced Trade Buy,ADA,0.040107,USD,0.599700,0.024052,0.024184,0.000132,Bought 0.040107 ADA for $0.02 USD on ADA-USD
2024-02-26T01:27:52Z,Rewards Income,ADA,0.441699,USD,0.580000,0.260000,0.260000,0.00,Received 0.441699 ADA from Coinbase Rewards
2024-02-26T23:26:30Z,Advanced Trade Buy,ADA,125.16,USD,0.616700,77.19,77.61,0.424524,Bought 125.1600 ADA for $77.61 USD on ADA-USD
2024-02-26T23:26:30Z,Advanced Trade Buy,ADA,31.53,USD,0.616800,19.45,19.55,0.106962,Bought 31.5300 ADA for $19.55 USD on ADA-USD
2024-02-26T23:26:30Z,Advanced Trade Buy,ADA,0.07005,USD,0.616700,0.043200,0.043437,0.000238,Bought 0.07005 ADA for $0.04 USD on ADA-USD
2024-03-01T20:20:44Z,Rewards Income,ADA,0.448907,USD,0.680000,0.310000,0.310000,0.00,Received 0.448907 ADA from Coinbase Rewards
2021-08-25T06:27:23Z,Send,USDT,162.218723,USD,1.00,,,,Sent 162.218723 USDT to 0x360884f41c8EB356B4532d45220D2663E8F9eb34
2021-09-07T01:15:13Z,Send,USDT,507.59923,USD,1.00,,,,Sent 507.59923 USDT to 0x360884f41c8EB356B4532d45220D2663E8F9eb34
2021-09-10T05:07:28Z,Send,USDT,518.089697,USD,1.00,,,,Sent 518.089697 USDT to 0x360884f41c8EB356B4532d45220D2663E8F9eb34
2021-10-20T04:38:46Z,Send,USDT,499.851062,USD,1.00,,,,Sent 499.851062 USDT to 0x360884f41c8EB356B4532d45220D2663E8F9eb34
2021-10-28T23:16:55Z,Send,USDT,299.849656,USD,1.00,,,,Sent 299.849656 USDT to 0x360884f41c8EB356B4532d45220D2663E8F9eb34
2021-11-02T05:40:17Z,Send,USDT,1198.785796,USD,1.00,,,,"Sent 1,198.785796 USDT to 0x360884f41c8EB356B4532d45220D2663E8F9eb34"
2023-10-18T23:22:48Z,Send,USDT,200.660641,USD,1.00,,,,Sent 200.660641 USDT to 0x6FC3Fbd9c223d5829971DAC3Ec95d676F20a60bE
2023-10-19T07:19:50Z,Send,USDT,176.54371,USD,1.00,,,,Sent 176.54371 USDT to 0xa8244c33bA41D4c6ba184657fF1626BD3ef17014
2023-10-24T04:44:46Z,Send,USDT,281.835298,USD,1.00,,,,Sent 281.835298 USDT to 0xDFAEb3B65f8658d6228e64399a944Af760fDfc30
2023-10-24T05:07:20Z,Receive,USDT,199.850619,USD,0.990000,,,,Received 199.850619 USDT from an external account
2024-02-13T21:34:34Z,Advanced Trade Sell,USDT,101.43,USD,1.00,101.48,101.48,0.001015,Sold 101.4300 USDT for $101.48 USD on USDT-USD
2024-02-28T02:08:06Z,Advanced Trade Buy,USDT,499.99,USD,1.00,500.29,500.29,0.005003,Bought 499.9900 USDT for $500.29 USD on USDT-USD
2024-02-28T02:08:06Z,Advanced Trade Buy,USDT,0.010006,USD,1.00,0.010012,0.010012,0.000000,Bought 0.010006 USDT for $0.01 USD on USDT-USD
2024-02-29T02:56:40Z,Send,USDT,500.008993,USD,1.00,,,,Sent 500.008993 USDT to 0x60EddbD10b5eb9d2B801958cee21c89c616B7780
2021-09-27T21:50:05Z,Send,DOT,41.02,USD,28.12,,,,Sent 41.0200 DOT to 133d5V7aKeVQPkLfzjaFPp5gZ6hq7W9UdyAinrCnmBQLpB5J
2023-10-17T17:01:04Z,Receive,DOT,161.4614246,USD,3.69,,,,Received 161.4614246 DOT from an external account
2023-10-18T23:20:40Z,Advanced Trade Sell,DOT,56.0,USD,3.65,204.45,202.81,1.64,Sold 56.0000 DOT for $202.81 USD on DOT-USDT
2023-10-24T04:41:55Z,Advanced Trade Sell,DOT,43.0,USD,4.33,186.20,184.71,1.49,Sold 43.0000 DOT for $184.71 USD on DOT-USDT
2023-10-24T04:41:55Z,Advanced Trade Sell,DOT,19.855,USD,4.33,85.98,85.29,0.687812,Sold 19.8550 DOT for $85.29 USD on DOT-USDT
2024-02-21T19:54:02Z,Advanced Trade Sell,DOT,42.606,USD,7.34,312.90,311.18,1.72,Sold 42.6060 DOT for $311.18 USD on DOT-USD
2021-06-04T22:25:29Z,Buy,DOGE,264.67402233,USD,0.385400,102.01,105.00,2.99,Bought 264.67402233 DOGE for $105.00 USD
2021-06-11T17:11:47Z,Learning Reward,AMP,13.96453009,USD,0.070000,0.980000,0.980000,0.00,Received 13.96453009 AMP from Coinbase as a learning reward
2021-06-11T17:13:47Z,Learning Reward,AMP,13.9275766,USD,0.070000,0.970000,0.970000,0.00,Received 13.9275766 AMP from Coinbase as a learning reward
2021-06-11T19:19:32Z,Learning Reward,AMP,14.75361464,USD,0.070000,1.03,1.03,0.00,Received 14.75361464 AMP from Coinbase as a learning reward
2023-09-02T10:33:06Z,Advanced Trade Buy,QNT,0.634,USD,99.60,63.15,63.65,0.505171,Bought 0.6340 QNT for $63.65 USD on QNT-USD
2023-09-02T10:33:06Z,Advanced Trade Buy,QNT,0.365,USD,99.61,36.36,36.65,0.290861,Bought 0.3650 QNT for $36.65 USD on QNT-USD
2023-09-02T10:33:06Z,Advanced Trade Buy,QNT,0.00109483,USD,99.60,0.109045,0.109917,0.000872,Bought 0.00109483 QNT for $0.11 USD on QNT-USD
2024-02-19T23:02:38Z,Advanced Trade Sell,QNT,1.0,USD,112.21,112.21,111.59,0.617155,Sold 1.0000 QNT for $111.59 USD on QNT-USD
2021-10-27T00:08:33Z,Learning Reward,CLV,0.84033613,USD,1.20,1.01,1.01,0.00,Received 0.84033613 CLV from Coinbase as a learning reward
2021-10-27T00:09:05Z,Learning Reward,CLV,0.84033613,USD,1.20,1.01,1.01,0.00,Received 0.84033613 CLV from Coinbase as a learning reward
2021-10-27T00:09:26Z,Learning Reward,CLV,0.84033613,USD,1.20,1.01,1.01,0.00,Received 0.84033613 CLV from Coinbase as a learning reward
2021-10-12T07:38:58Z,Learning Reward,FET,1.40745954,USD,0.710000,1.00,1.00,0.00,Received 1.40745954 FET from Coinbase as a learning reward
2021-10-12T07:39:51Z,Learning Reward,FET,1.4068655,USD,0.710000,1.00,1.00,0.00,Received 1.4068655 FET from Coinbase as a learning reward
2021-10-12T07:42:58Z,Learning Reward,FET,1.41282848,USD,0.710000,1.00,1.00,0.00,Received 1.41282848 FET from Coinbase as a learning reward
2023-10-30T19:11:05Z,Advanced Trade Sell,COTI,1974.0,USD,0.046400,91.59,90.86,0.732749,"Sold 1,974.0000 COTI for $90.86 USD on COTI-USD"
2023-10-30T19:11:06Z,Advanced Trade Sell,COTI,2409.1,USD,0.046400,111.78,110.89,0.894258,"Sold 2,409.1000 COTI for $110.89 USD on COTI-USD"
2021-11-15T19:43:08Z,Learning Reward,AUCTION,0.02691066,USD,37.12,1.00,1.00,0.00,Received 0.02691066 AUCTION from Coinbase as a learning reward
2021-11-15T19:44:27Z,Learning Reward,AUCTION,0.02695418,USD,37.13,1.00,1.00,0.00,Received 0.02695418 AUCTION from Coinbase as a learning reward
2021-11-15T19:45:31Z,Learning Reward,AUCTION,0.02691066,USD,37.16,1.00,1.00,0.00,Received 0.02691066 AUCTION from Coinbase as a learning reward
2024-01-05T00:24:25Z,Advanced Trade Buy,AVAX,2.0,USD,38.86,77.72,78.15,0.427460,Bought 2.0000 AVAX for $78.15 USD on AVAX-USD
2024-01-05T00:24:25Z,Advanced Trade Buy,AVAX,0.00108871,USD,38.86,0.042307,0.042540,0.000233,Bought 0.00108871 AVAX for $0.04 USD on AVAX-USD
2024-01-08T03:33:21Z,Advanced Trade Buy,AVAX,1.999,USD,31.65,63.27,63.62,0.347976,Bought 1.9990 AVAX for $63.62 USD on AVAX-USD
2024-01-08T03:33:21Z,Advanced Trade Buy,AVAX,0.00105813,USD,31.65,0.033490,0.033674,0.000184,Bought 0.00105813 AVAX for $0.03 USD on AVAX-USD
2024-01-11T02:23:42Z,Advanced Trade Buy,AVAX,2.999,USD,38.66,115.94,116.58,0.637677,Bought 2.9990 AVAX for $116.58 USD on AVAX-USD
2024-01-11T02:23:42Z,Advanced Trade Buy,AVAX,0.00182603,USD,38.66,0.070594,0.070983,0.000388,Bought 0.00182603 AVAX for $0.07 USD on AVAX-USD
2024-01-23T15:25:43Z,Advanced Trade Buy,AVAX,3.227,USD,28.57,92.20,92.75,0.553172,Bought 3.2270 AVAX for $92.75 USD on AVAX-USD
2024-02-19T17:49:03Z,Advanced Trade Sell,AVAX,6.542,USD,39.58,258.93,256.34,2.59,Sold 6.5420 AVAX for $256.34 USD on AVAX-USD
2024-02-21T19:52:56Z,Advanced Trade Sell,AVAX,6.542,USD,36.64,239.70,238.38,1.32,Sold 6.5420 AVAX for $238.38 USD on AVAX-USD
2023-03-13T01:08:22Z,Advanced Trade Buy,SAND,81.75,USD,0.607900,49.70,49.89,0.198783,Bought 81.7500 SAND for $49.89 USD on SAND-USD
2023-10-19T07:17:02Z,Advanced Trade Sell,RNDR,44.1,USD,1.91,84.16,83.49,0.673270,Sold 44.1000 RNDR for $83.49 USD on RNDR-USDT
2023-10-19T07:17:02Z,Advanced Trade Sell,RNDR,55.9,USD,1.91,106.67,105.82,0.853375,Sold 55.9000 RNDR for $105.82 USD on RNDR-USDT
2023-10-30T19:09:38Z,Advanced Trade Sell,RNDR,100.0,USD,2.51,250.99,248.98,2.01,Sold 100.0000 RNDR for $248.98 USD on RNDR-USD
2023-10-30T19:09:38Z,Advanced Trade Sell,RNDR,48.6,USD,2.51,121.97,121.00,0.975771,Sold 48.6000 RNDR for $121.00 USD on RNDR-USD
2023-12-16T21:17:49Z,Advanced Trade Sell,RNDR,222.91,USD,4.47,997.25,989.28,7.98,Sold 222.9100 RNDR for $989.28 USD on RNDR-USD
2024-02-23T23:17:59Z,Advanced Trade Sell,RNDR,34.41,USD,7.26,249.95,248.57,1.37,Sold 34.4100 RNDR for $248.57 USD on RNDR-USD
2024-02-23T23:17:59Z,Advanced Trade Sell,RNDR,13.76,USD,7.26,99.95,99.40,0.549724,Sold 13.7600 RNDR for $99.40 USD on RNDR-USD
2024-02-23T23:17:59Z,Advanced Trade Sell,RNDR,7.56,USD,7.26,54.90,54.60,0.301958,Sold 7.5600 RNDR for $54.60 USD on RNDR-USD
2023-10-26T23:56:19Z,Advanced Trade Buy,ARB,39.56,USD,0.938300,37.12,37.42,0.296953,Bought 39.5600 ARB for $37.42 USD on ARB-USD
2023-10-26T23:56:20Z,Advanced Trade Buy,ARB,0.02093326,USD,0.938300,0.019642,0.019799,0.000157,Bought 0.02093326 ARB for $0.02 USD on ARB-USD
2024-02-21T20:54:09Z,Advanced Trade Buy,ARB,49.98,USD,1.83,91.36,91.86,0.502471,Bought 49.9800 ARB for $91.86 USD on ARB-USD
2024-02-21T20:54:09Z,Advanced Trade Buy,ARB,0.02001496,USD,1.83,0.036585,0.036787,0.000201,Bought 0.02001496 ARB for $0.04 USD on ARB-USD
2024-02-22T17:44:02Z,Advanced Trade Buy,ARB,24.98,USD,1.85,46.24,46.50,0.254336,Bought 24.9800 ARB for $46.50 USD on ARB-USD
2024-02-22T17:44:02Z,Advanced Trade Buy,ARB,0.01460615,USD,1.85,0.027039,0.027188,0.000149,Bought 0.01460615 ARB for $0.03 USD on ARB-USD
2024-02-23T19:16:58Z,Advanced Trade Buy,ARB,29.98,USD,1.79,53.78,54.07,0.295763,Bought 29.9800 ARB for $54.07 USD on ARB-USD
2024-02-23T19:16:58Z,Advanced Trade Buy,ARB,0.0200219,USD,1.79,0.035913,0.036111,0.000198,Bought 0.0200219 ARB for $0.04 USD on ARB-USD
2024-02-25T02:25:16Z,Advanced Trade Buy,ARB,49.97,USD,1.86,92.99,93.51,0.511468,Bought 49.9700 ARB for $93.51 USD on ARB-USD
2024-02-25T02:25:16Z,Advanced Trade Buy,ARB,0.02050092,USD,1.86,0.038152,0.038362,0.000210,Bought 0.02050092 ARB for $0.04 USD on ARB-USD
2024-02-26T01:47:20Z,Advanced Trade Buy,ARB,49.99,USD,1.90,94.74,95.26,0.521048,Bought 49.9900 ARB for $95.26 USD on ARB-USD
2024-02-26T01:47:20Z,Advanced Trade Buy,ARB,0.02587359,USD,1.90,0.049033,0.049303,0.000270,Bought 0.02587359 ARB for $0.05 USD on ARB-USD
2024-02-26T23:26:01Z,Advanced Trade Buy,ARB,24.99,USD,1.93,48.29,48.56,0.265599,Bought 24.9900 ARB for $48.56 USD on ARB-USD
2024-02-26T23:26:01Z,Advanced Trade Buy,ARB,0.01004889,USD,1.93,0.019418,0.019525,0.000107,Bought 0.01004889 ARB for $0.02 USD on ARB-USD
2024-02-27T19:47:10Z,Advanced Trade Buy,ARB,24.98,USD,1.88,47.02,47.28,0.258623,Bought 24.9800 ARB for $47.28 USD on ARB-USD
2024-02-27T19:47:10Z,Advanced Trade Buy,ARB,0.01739532,USD,1.88,0.032745,0.032925,0.000180,Bought 0.01739532 ARB for $0.03 USD on ARB-USD
2024-02-29T08:02:57Z,Advanced Trade Buy,ARB,82.91,USD,2.02,167.09,168.01,0.918987,Bought 82.9100 ARB for $168.01 USD on ARB-USD
2024-02-29T08:02:57Z,Advanced Trade Buy,ARB,0.03789514,USD,2.02,0.076370,0.076790,0.000420,Bought 0.03789514 ARB for $0.08 USD on ARB-USD
2024-02-19T17:51:12Z,Advanced Trade Buy,HBAR,777.5,USD,0.103710,80.63,81.44,0.806345,Bought 777.5000 HBAR for $81.44 USD on HBAR-USD
2024-02-19T17:51:12Z,Advanced Trade Buy,HBAR,0.36697674,USD,0.103710,0.038059,0.038440,0.000381,Bought 0.36697674 HBAR for $0.04 USD on HBAR-USD
2024-02-19T23:08:05Z,Advanced Trade Buy,HBAR,829.7,USD,0.109300,90.69,91.18,0.498774,Bought 829.7000 HBAR for $91.18 USD on HBAR-USD
2024-02-19T23:08:06Z,Advanced Trade Buy,HBAR,0.4109679,USD,0.109300,0.044919,0.045166,0.000247,Bought 0.4109679 HBAR for $0.05 USD on HBAR-USD
2024-02-21T20:06:42Z,Advanced Trade Sell,HBAR,5000.0,USD,0.101260,506.30,503.52,2.78,"Sold 5,000.0000 HBAR for $503.52 USD on HBAR-USD"
2024-02-21T20:06:42Z,Advanced Trade Sell,HBAR,9355.8,USD,0.101240,947.18,941.97,5.21,"Sold 9,355.8000 HBAR for $941.97 USD on HBAR-USD"
2023-10-17T17:02:49Z,Learning Reward,NEAR,0.9876543209876540,USD,1.01,1.00,1.00,0.00,Received 0.98765432 NEAR from Coinbase as a learning reward
2023-10-17T17:03:18Z,Learning Reward,NEAR,0.9876543209876540,USD,1.01,1.00,1.00,0.00,Received 0.98765432 NEAR from Coinbase as a learning reward
2023-10-17T17:04:13Z,Learning Reward,NEAR,0.9876543209876540,USD,1.01,1.00,1.00,0.00,Received 0.98765432 NEAR from Coinbase as a learning reward
2024-02-19T23:07:53Z,Advanced Trade Buy,NEAR,11.056,USD,3.58,39.56,39.78,0.217571,Bought 11.0560 NEAR for $39.78 USD on NEAR-USD
2024-02-19T23:07:53Z,Advanced Trade Buy,NEAR,2.453,USD,3.58,8.78,8.83,0.048273,Bought 2.4530 NEAR for $8.83 USD on NEAR-USD
2024-02-19T23:07:53Z,Advanced Trade Buy,NEAR,37.186,USD,3.58,133.05,133.78,0.731783,Bought 37.1860 NEAR for $133.78 USD on NEAR-USD
2024-02-19T23:07:53Z,Advanced Trade Buy,NEAR,0.0210310855971308,USD,3.58,0.075249,0.075663,0.000414,Bought 0.02103109 NEAR for $0.08 USD on NEAR-USD
2024-02-21T20:07:08Z,Advanced Trade Sell,NEAR,53.678,USD,3.12,167.48,166.55,0.921114,Sold 53.6780 NEAR for $166.55 USD on NEAR-USD